Last Name,First Name,Number
Anderson,Emma,787277
Williams,Ava,911626
Young,Matthew,378970
White,Isabella,861822
Miller,Benjamin,178458
Young,Emma,159151
Lewis,William,535331
King,Emily,641730
Sanchez,Olivia,642858
Martin,Daniel,129027
Rodriguez,Olivia,383947
Gonzalez,Samuel,655789
Robinson,Carter,514734
Sanchez,James,912397
Gonzalez,Michael,676362
Allen,Henry,445483
Thomas,Sophia,273963
Young,Oliver,616660
Moore,Matthew,464779
Allen,Hannah,648686
Perez,Michael,739202
Lee,Luna,832896
Martin,Daniel,735994
Robinson,Alexander,863527
Lee,Emily,336906
Allen,Mason,436024
Rodriguez,Ava,776261
Brown,Henry,986825
Perez,Benjamin,613085
Martinez,Noah,128472
Robinson,Mila,405842
Lewis,Ethan,990974
Wilson,Carter,308560
Allen,Isabella,871031
King,Ethan,238501
Scott,Hannah,477782
